income,expenses,savings,future_savings
5745.07,2204.62,11734.37,56740.31
4792.6,1688.36,2799.35,33704.31
5971.53,3691.69,6293.26,32288.58
7284.54,4758.54,17604.17,51599.92
4648.77,1468.05,40326.7,77479.64
4648.79,3570.77,29030.38,44539.39
7368.82,2402.13,26120.72,87128.98
6151.15,3510.14,15380.95,44805.95
4295.79,2811.72,46655.93,62470.92
5813.84,4275.99,20453.74,37804.53
4304.87,2828.49,5267.55,22080.85
4301.41,3014.7,31236.26,44013.02
5362.94,2519.11,6578.08,38923.73
2130.08,1506.85,17915.93,25287.77
2412.62,820.43,25863.18,46671.78
4156.57,3106.65,43836.9,57225.73
3480.75,1997.24,25183.78,44472.5
5471.37,3877.28,35410.68,50777.94
3637.96,1914.15,49648.03,67997.71
2881.54,1791.71,7442.97,21366.76
7198.47,4054.19,14461.84,51951.61
4661.34,3103.49,20334.23,35329.25
5101.29,1738.6,21669.58,66936.75
2862.88,945.25,21140.03,46662.62
4183.43,1771.9,45472.94,74971.76
5166.38,1962.05,35987.6,67771.47
3273.51,2408.95,30787.36,42268.09
5563.55,2278.87,16159.26,56895.28
4099.04,3229.77,41365.73,52973.49
4562.46,2137.27,47797.97,79830.74
4097.44,1602.34,41238.72,74808.81
7778.42,5404.83,1076.69,29764.94
4979.75,3134.03,32183.67,51145.85
3413.43,1874.31,3505.63,23239.6
6233.82,3601.16,13622.75,46737.01
3168.73,2090.1,3916.71,18114.58
5313.3,2200.91,30585.98,63002.78
2060.49,1644.62,34642.91,39024.53
3007.72,2368.27,6609.89,15481.63
5295.29,3310.42,19808.11,46008.21
6107.7,2441.68,23355.59,74531.34
5257.05,3365.11,19083.6,44136.34
4826.53,1622.19,6930.23,46876.58
4548.34,1434.21,21528.44,61201.98
2782.22,1193.13,37807.72,59844.89
3920.23,2082.87,4479.38,27222.82
4309.04,3163.42,4928.82,19404.25
6585.68,4370.16,18383.79,41316.9
5515.43,3702.8,47144.56,68669.19
2355.44,1207.74,33760.06,48724.53
5486.13,2594.76,34254.83,65772.24
4422.38,2147.15,18734.08,42785.1
3984.62,3163.09,30089.38,39213.59
5917.51,1893.93,1496.43,44787.01
6546.5,4801.96,32168.71,50715.91
6396.92,3769.95,45751.06,76327.16
3741.17,1942.82,31016.1,56116.84
4536.18,3005.8,43811.23,62227.61
5496.9,2986.65,36474.68,62837.29
6463.32,4761.6,6907.36,23872.56
4281.24,3212.43,45220.21,59052.23
4721.51,2412.03,4255.75,30670.25
3340.5,1464.52,27164.41,52574.12
3205.69,1911.15,7964.72,24490.33
6218.79,4702.53,1573.62,21924.73
7034.36,2851.24,21679.68,67297.98
4891.98,2991.37,15456.99,40019.29
6505.3,4005.83,24814.02,51976.96
5542.45,3694.36,29282.79,55354.85
4032.32,1474.96,3143.21,35505.61
5542.09,3646.21,7027.16,28180.75
7307.05,5513.29,28373.48,47914.12
4946.26,1928.26,17815.2,49553.87
7346.97,3076.7,36729.5,91962.28
1070.38,841.0,32962.29,35405.21
6232.85,2433.86,42434.61,89760.44
5130.57,3730.91,34932.15,50146.78
4551.49,2485.75,22066.62,48461.56
5137.64,2176.38,33975.36,73987.01
2018.65,1484.46,14493.68,21616.77
4670.49,2441.05,16009.36,45554.19
5535.67,3085.63,39660.27,65388.3
7216.84,3461.32,22874.56,60520.86
4222.59,2518.67,40120.64,62194.85
3787.26,1445.83,41298.7,67916.21
4247.36,2104.74,43020.55,68036.23
6373.1,5001.01,45915.13,59292.34
5493.13,2356.92,22118.28,56133.49
4205.36,2642.51,16624.47,31880.41
5769.9,2669.13,29527.74,72380.71
5145.62,3533.68,19187.45,36545.24
6452.97,2358.15,30452.63,80717.39
3946.92,3097.98,35573.71,43882.38
4508.51,2375.51,34731.85,62036.07
4411.84,1844.26,19353.09,47982.95
2804.73,944.49,9176.15,35052.11
5444.18,2095.35,22095.94,68520.66
5391.58,3018.68,7987.11,34472.05
5007.67,2346.1,44614.75,81676.07
4648.12,3320.81,17948.0,37036.77
2876.94,1482.9,8568.53,27474.51
4369.03,1854.03,2246.94,36590.26
4485.93,2730.01,32645.3,51600.83
3796.58,2480.64,32208.21,48483.98
4758.07,1824.82,17689.6,46795.75
5606.08,2151.67,4513.88,39250.07
7829.28,2492.34,21071.82,97895.38
5261.87,3515.98,16249.66,35747.44
5386.33,3403.63,34178.91,60333.19
4888.33,2626.58,30683.18,61153.53
2121.84,1532.15,18865.09,26954.78
4960.23,3486.22,11676.74,32885.64
5090.35,3016.93,49413.76,71722.0
8694.86,6383.21,23246.08,45885.69
4711.46,1898.34,34725.44,67283.64
5452.32,1940.81,7887.1,43790.17
4947.93,2151.73,24793.9,51938.42
3246.98,1066.77,2349.3,27051.16
6714.23,3797.47,25767.3,64740.96
6127.9,4708.08,48236.85,65725.68
6186.55,1977.66,19826.13,66550.35
3635.92,1312.77,2910.8,32509.72
7104.19,3737.51,2516.83,38586.39
2897.22,2221.99,20011.35,26540.21
5880.29,2693.63,8841.22,51124.63
8285.68,4587.1,2144.25,48724.11
3514.2,1127.31,38054.47,69702.36
4150.55,1553.02,23467.63,48889.44
5149.48,4085.16,15172.99,29667.08
4244.79,3321.8,45104.08,56709.49
2674.0,808.81,6690.81,29640.77
5102.84,3959.33,47840.02,62246.22
3406.54,2110.56,16384.37,34203.24
5710.39,4191.19,44531.78,63396.09
3620.86,1909.53,30544.2,51745.11
7324.9,4085.82,41508.66,88006.58
3825.12,2082.48,49216.64,72275.73
4516.91,2861.15,15131.87,34542.28
6220.28,2300.42,48095.64,99036.18
3153.7,993.37,20084.61,44859.92
5341.19,2424.71,19890.08,51092.31
6960.71,4540.75,17678.97,47843.49
2588.78,1037.91,27528.97,49326.82
5276.95,3359.92,8553.11,35506.31
5389.82,4230.77,28131.86,41160.9
6172.73,2141.63,27543.54,76452.3
3144.57,2000.9,38333.19,50474.31
3019.32,1575.71,41848.85,62606.55
5782.91,4245.07,22581.63,44587.19
5445.48,2115.98,15814.33,58157.74
5375.74,3474.41,13707.41,39301.56
5519.67,3968.96,10536.57,30746.16
3979.96,3073.75,3824.73,15104.46
5348.38,3431.65,17779.95,36671.39
5439.61,2984.1,14242.14,43175.07
3928.47,2392.14,48354.45,68079.39
7798.66,5727.75,28327.73,54943.45
5710.75,3342.53,18016.57,44992.94
3213.04,1012.73,29442.91,60511.61
5984.83,4581.23,7820.64,22422.69
3537.98,2281.16,22758.14,37842.14
6180.63,3944.83,31685.48,60563.62
6737.89,2747.97,24955.99,76610.6
3768.98,2372.35,20687.16,38443.06
6445.06,3202.76,49698.57,85109.02
5619.17,3515.45,44135.42,65908.54
6233.09,2202.13,31546.89,82548.68
7845.19,4934.02,28899.49,65221.17
4631.92,3704.18,31412.36,41117.38
3869.4,1254.09,10864.29,44823.11
3665.73,2890.75,20361.75,29494.78
3776.28,1901.19,2933.52,26944.63
4884.35,3591.84,24301.76,41904.94
5511.73,3809.67,27608.2,45334.66
5415.04,3159.72,12159.74,34018.05
6240.77,4176.48,48237.41,75774.47
5019.5,3710.71,45563.28,61957.98
7180.3,3605.01,36385.02,82714.54
4603.01,2133.57,27135.94,60777.5
9080.25,5755.03,43628.49,88364.3
5938.5,4180.25,7401.96,32391.0
3714.26,2529.94,39734.98,54151.11
3393.66,2371.85,7116.22,19321.49
5723.71,2963.69,39916.32,71736.76
4664.81,3306.96,14512.61,28549.63
6071.0,2186.19,43977.44,91949.02
5709.86,3267.43,47258.06,73952.91
4890.76,1481.31,8291.0,56099.22
3729.81,1724.26,23671.1,48538.49
2727.73,1318.12,49068.38,66611.83
4330.23,2156.83,24686.96,49254.3
6284.6,4070.75,43313.83,65119.28
5321.14,2630.13,29847.84,56091.59
3131.39,1641.94,19391.17,36716.54
5259.77,2202.65,15003.39,45592.73
5577.98,2714.39,10957.93,46789.63
3674.21,1519.78,38328.11,68121.03
5230.59,1760.61,19940.48,67958.07
5087.31,3061.16,26052.5,51913.14
3285.54,2083.38,25123.95,37883.57
5536.68,3375.96,29286.67,58980.07
5841.18,3106.03,43413.28,81303.97
6624.58,3245.33,49056.23,84686.76
6580.7,4814.88,20971.63,44173.89
2933.5,1641.41,41548.43,55729.44
3593.26,1938.89,38461.86,60717.57
5772.55,1805.78,29102.92,86171.91
5770.68,2715.82,47846.31,77613.24
5772.57,2829.12,10823.25,51758.82
10779.1,5383.2,6353.95,74280.83
5856.34,3455.74,42844.14,77105.97
6703.35,3799.47,22518.34,56877.21
6431.0,3884.02,42501.47,77312.26
5977.09,4079.01,44761.42,63551.39
4527.1,3198.36,4060.42,18954.66
6138.45,4045.62,44289.77,65054.21
3840.76,2987.2,22967.63,35157.93
4644.77,1435.77,26011.19,69401.57
4271.95,1699.76,31703.03,66922.06
5122.81,1556.21,46392.75,96689.72
8471.99,5284.3,1936.69,33840.7
2199.1,1647.16,24365.33,30685.53
6029.39,2542.84,34698.38,69358.04
2580.93,1970.58,36412.64,42889.5
4292.1,1416.97,34934.09,65700.78
6633.43,5089.28,7587.32,25888.05
5096.42,2424.93,15670.38,44760.45
3383.38,1186.59,18577.06,40731.07
3927.04,2132.13,40417.42,59091.6
6019.4,2578.64,14659.23,50122.86
3904.45,1727.47,11324.54,42391.71
5324.69,2415.52,47914.95,86445.76
5068.36,3555.52,1434.3,22985.08
4022.6,2291.19,49893.22,70169.28
8215.92,3743.61,34164.24,83074.1
5950.88,3601.27,41595.0,73154.42
1962.29,1291.33,15436.35,22928.24
5279.68,2303.59,1701.45,34548.71
4007.32,2030.81,37155.61,58335.97
6278.65,2266.24,41873.09,82889.83
3811.22,1488.57,37283.33,62440.04
4827.9,3092.55,7999.66,27618.65
5757.48,2249.56,37917.97,82942.76
6298.63,3543.5,38677.22,65953.93
3199.56,2094.18,33268.49,44996.97
4498.25,1589.85,38539.68,77754.47
4287.58,2502.47,42450.15,60846.1
4020.01,1721.69,31066.6,56910.43
7648.18,5976.77,5341.63,28324.09
5607.47,3037.98,24893.76,51471.71
3108.67,2185.39,4804.82,14035.05
6376.79,3667.38,20969.61,53281.5
8183.23,2632.6,20948.22,82291.71
6548.7,4037.77,4234.48,35129.87
2720.95,2110.64,18092.21,26305.83
4273.65,2567.63,6438.91,23939.75
6900.37,4896.46,40603.53,65426.61
3938.5,2922.77,47436.71,59652.28
5665.73,2345.84,4543.51,38710.43
6161.95,2501.89,47800.65,93899.82
3609.6,2185.58,26606.25,42147.29
4910.71,2482.43,15678.72,44676.24
1000.0,719.93,4766.24,7565.51
3463.42,2597.6,25530.59,35752.4
4621.15,2202.95,39931.26,66703.18
3128.33,1309.0,35647.24,60294.4
7448.62,5141.5,3461.07,26240.36
2854.79,1248.69,4572.19,23217.85
4339.93,3087.03,20740.79,35525.69
5196.11,2659.73,15469.23,48645.19
7161.91,4539.04,12386.83,44796.55
2846.21,989.82,14769.22,38535.85
6744.75,4127.31,40370.65,75260.64
5015.35,2637.49,46532.17,79200.56
3527.74,2093.02,20850.03,36784.85
5693.16,2186.21,45399.44,88122.81
5298.59,3541.77,16753.29,40703.13
4099.67,2998.5,24345.41,40146.63
5104.7,2084.61,12075.42,53963.22
4422.03,1538.24,32383.33,65209.68
5170.28,1612.19,48970.07,86460.89
5993.2,3721.69,30571.16,57713.59
7379.03,4453.59,18532.89,57031.28
3143.28,1802.19,32743.05,48788.22
8199.55,3410.8,7023.11,64101.56
2071.87,1026.51,44544.29,58785.69
4772.32,2850.21,25651.11,47437.72
5882.48,3225.85,23018.14,59485.65
5421.49,4304.08,29707.37,42616.41
4065.95,1497.16,31614.41,60321.94
4687.82,3035.7,4517.01,23977.55
4260.5,2139.45,34448.24,62572.82
4115.95,2116.01,12854.65,33263.68
6274.4,4133.57,35983.68,58554.08
5535.52,3577.16,41304.2,69048.28
3960.64,3151.19,40393.97,48846.46
6349.4,2312.43,28072.55,77828.53
5460.95,1922.55,26488.32,70296.17
6219.29,4118.23,8000.92,33109.09
5944.44,3502.43,38991.96,69992.81
3756.51,1641.9,14299.06,36932.11
4159.73,1413.1,25338.08,58991.91
6120.94,2098.44,14929.43,60731.39
5915.56,4419.48,7557.59,26671.4
4968.65,1967.25,31848.33,62696.26
5175.99,2389.68,3662.27,38045.92
6916.5,2858.78,37683.62,80246.19
4112.64,1963.78,16561.75,40064.92
5820.65,1948.24,1006.6,42246.98
4696.71,2627.95,26045.33,47721.02
4673.48,1560.04,3295.74,45524.64
6648.17,4654.9,14532.31,36401.2
6238.12,2600.4,35641.85,86752.59
6220.26,3545.59,4071.79,42201.04
6958.22,5149.36,42127.59,64452.65
5031.51,3146.9,1187.18,20573.01
6022.93,3411.86,13094.37,42854.87
4534.6,2095.74,37304.3,70056.0
5486.25,2559.34,16497.24,49757.09
4804.79,3049.81,5992.73,23573.55
5145.49,4101.32,18651.46,31466.19
5892.74,3717.84,14249.27,43950.87
3772.67,2183.97,42292.88,63613.98
8138.58,5414.8,16354.05,44791.89
3490.97,1859.3,39657.69,60590.84
3178.72,1049.2,44701.74,67398.99
6737.17,3915.29,22257.05,52302.65
6187.49,4818.9,45587.21,64467.73
5936.18,2301.17,19488.58,58740.93
5942.52,3832.94,48239.84,71157.44
4981.63,1994.98,5375.19,34056.42
3654.12,2075.22,34663.94,56419.86
5113.71,1781.3,25196.89,69865.99
3984.26,2092.47,19994.79,43852.41
6462.68,4382.22,32002.88,59467.54
4779.41,2264.42,35489.0,61468.48
3761.75,2379.14,1213.8,17528.54
4517.92,3152.27,9180.7,24593.28
5619.4,4290.91,35939.26,49290.73
4154.41,1733.72,33652.89,62540.0
3766.67,1882.05,48336.33,74757.9
5365.53,2018.56,38290.85,71065.38
5367.45,4273.79,47587.86,59617.07
4239.59,3236.93,35424.48,46048.87
4293.44,2447.17,15604.56,35439.25
5348.07,3856.05,6162.88,26992.26
2827.87,1584.96,39309.37,54033.79
2888.8,1767.35,32563.31,45839.36
3922.33,1351.49,3361.11,37426.78
4679.83,3171.22,18642.47,34243.88
5466.36,1988.97,47883.19,89399.3
7213.03,5143.14,25519.66,49662.79
6286.49,4344.05,22203.73,46416.54
4760.09,3114.87,23427.28,47114.95
4971.48,1581.33,11235.25,56301.69
3496.21,1578.76,19066.65,41135.97
4972.23,2145.8,19120.85,57481.92
4567.01,2192.48,3565.4,28306.62
5484.08,1885.54,38610.81,73682.94
3759.15,2888.83,21408.72,30617.91
5779.02,3333.92,41286.81,68754.97
7299.11,3304.76,42667.05,90802.1
4836.86,2411.13,11387.71,41836.97
5602.57,2933.51,33210.32,70499.46
6035.22,3622.92,24141.81,53203.42
4398.17,2453.47,44127.68,67475.94
5336.14,4053.84,11571.29,24190.58
5018.89,2752.77,34212.85,56347.34
5146.51,4097.03,30779.85,43631.36
3840.49,2787.09,15469.77,27797.95
5036.77,2036.14,7693.44,48586.18
5747.0,4398.16,32930.35,46919.46
7176.72,2570.58,37191.28,81962.3
6438.91,4563.41,16465.74,38512.89
8229.77,4035.15,32596.8,77646.58
3848.98,2844.35,20361.41,30245.14
6308.48,4630.6,35947.14,57890.53
5275.01,3708.14,10761.55,26642.85
8284.7,5758.0,44620.54,76254.76
3787.55,1713.26,15083.07,37794.58
3740.42,1273.46,19021.51,44758.73
4100.91,2056.57,3846.51,27198.66
1814.16,701.65,6464.1,21423.94
4211.37,2726.76,26277.23,43323.6
3861.3,1826.59,14112.04,40977.77
5225.59,4116.75,41938.53,53251.32
5512.63,3420.51,1719.98,29564.66
7814.26,5557.81,19575.61,43803.66
6425.64,2353.47,17529.93,69863.34
4134.64,3022.46,1947.05,15644.5
3652.38,2780.84,7094.05,19347.75
5737.88,3118.71,21268.49,51281.88
3019.65,1821.23,25150.36,37035.8
7747.19,5286.72,20810.2,44656.93
6769.16,2622.5,27015.95,83281.61
4296.24,2368.44,30161.45,53523.87
2430.3,1213.52,1486.27,17695.12
7030.81,2623.81,23740.66,71006.83
4828.19,2335.72,48211.46,76267.71
6856.72,2290.74,26432.58,70925.84
2608.36,816.17,34199.57,59675.81
4100.94,1507.44,16281.33,49493.11
5007.87,3913.94,38925.58,54327.44
5070.47,2914.33,38873.15,62319.88
4324.9,3386.01,26543.51,38312.49
5934.27,3063.56,48824.68,85732.84
3398.57,1549.44,7151.96,27722.17
4786.43,2647.24,1830.44,31075.21
5180.44,2692.57,38737.75,73932.2
5771.66,2036.43,40550.62,92273.5
6067.42,3764.31,6890.15,37170.39
3313.04,1351.78,14013.56,35453.66
2698.83,1645.73,1860.07,13393.35
6916.52,4323.52,15372.12,52255.26
5498.47,2067.49,38883.95,71990.71
3877.27,1282.12,26380.07,60213.2
7326.73,5058.23,18056.68,47524.4
5173.51,2741.45,19215.23,49832.3
6768.95,2227.54,1066.33,66246.99
5101.28,4067.93,15690.23,27157.33
8091.12,2661.09,32676.48,93665.85
7633.01,4942.51,48735.53,75583.8
4626.55,3663.49,42505.98,53798.34
6457.36,2709.44,2156.15,42832.39
5968.06,2214.9,45029.47,87246.07
7052.95,2543.94,39376.72,100725.96
3552.61,1604.49,39238.43,66688.08
6029.08,2113.33,23441.79,64523.93
6587.64,4256.14,20502.26,47053.39
2361.89,782.13,15842.87,38050.24
3225.11,1789.01,4219.05,18431.74
1941.15,1549.72,12183.53,16114.86
4595.89,3249.23,13083.58,27063.83
6076.31,3692.03,24719.78,54420.88
7253.54,3286.77,37624.78,78570.77
5111.14,3127.75,24216.68,52473.57
7442.92,4194.24,3834.38,41987.64
2929.85,1503.13,47931.7,65062.66
2444.93,893.27,47193.49,63926.53
4916.68,3654.58,39474.29,54443.57
5576.1,2926.85,49575.07,83424.99
4950.96,1967.07,27679.63,67083.8
1898.84,918.81,48175.65,61130.22
4866.32,2467.54,4704.65,34386.86
3043.3,2172.21,18918.36,31062.1
6004.51,4003.85,12043.68,39099.71
5549.9,3799.75,10595.82,33756.96
3590.18,1096.86,7899.34,32500.74
4229.2,2148.76,31498.27,51539.18
3411.18,1844.33,39284.77,55924.32
4905.98,1518.87,29336.62,72640.51
6432.71,2765.47,8201.17,50644.97
3521.41,2395.07,40745.06,53733.52
5756.07,2121.43,32161.78,82487.1
4204.61,2386.77,20020.12,45285.78
3810.69,1553.24,34032.38,65555.5
4839.45,1481.17,13735.34,51034.57
3447.14,1449.87,17914.42,43713.27
4169.53,3285.32,45956.81,55598.01
3203.18,2244.69,15234.72,25313.21
7947.09,6197.05,24029.43,42380.77
5052.9,2748.41,44616.92,70524.25
3950.41,1401.88,35678.35,65403.96
5320.97,3054.13,4047.96,34851.05
4831.51,2547.12,8217.85,31462.62
4668.55,3371.52,1384.24,18411.08
5921.25,2066.76,31915.17,78751.0
6136.26,3338.87,22936.0,53657.38
4204.25,1576.7,7579.47,39019.54
4136.27,1912.36,47938.77,72490.19
4587.42,3067.51,26953.33,45893.24
1547.12,832.36,12852.77,21202.86
2727.21,1330.73,25529.57,40037.87
7050.31,3505.68,34301.4,70313.39
7467.45,3955.68,4735.72,47664.06
4626.45,3203.85,14460.49,34279.47
5864.84,4375.42,40541.31,57298.77
5466.88,4251.41,23523.58,39468.53
9618.32,6669.84,27782.28,65409.53
6679.36,3057.17,22207.98,73177.57
4808.12,3096.76,3151.1,26324.24
3566.69,1850.4,9121.74,30265.87
2590.33,1106.94,22831.54,41750.33
5305.2,3822.05,11250.09,31883.95
3865.47,1233.91,3448.97,33758.51
2866.62,2152.49,42338.83,50314.67
4030.14,2138.95,49078.43,67331.99
3377.68,2089.43,39864.0,57342.18
7530.71,4741.92,42835.46,80330.01
6322.46,4726.41,12856.88,28979.18
4988.04,3084.28,48070.72,71618.19
7219.92,4382.25,10649.36,44210.76
5116.05,1705.31,47620.06,82306.61
3708.07,2073.57,49746.15,73130.55
7284.69,2732.37,35874.42,84267.97
5808.37,3884.15,49076.04,68169.48
3444.13,1915.32,28907.45,47949.21
4714.49,3017.81,13717.55,36023.06
3686.57,1182.79,22412.8,46839.05
2925.8,1001.78,30084.49,54638.51
6389.27,4205.17,4581.0,31128.69
7864.12,2642.68,31494.82,84208.84
2902.15,974.04,49077.71,69184.22
5844.45,1788.72,10315.27,60307.37
4024.04,3131.71,39837.16,49672.85
4269.31,2855.12,45487.04,65432.68
4111.41,1959.6,47241.38,76355.21
3704.01,1660.39,48046.64,77313.63
5072.78,2408.82,26551.52,55445.99
3753.57,2579.93,48888.09,65617.98
5405.69,3409.29,38108.2,61406.02
4924.64,1933.4,8921.9,42627.45
4641.58,1796.54,24368.11,52368.01
3638.65,1270.61,36198.23,59531.21
4134.84,2605.58,13119.68,32880.32
6133.09,4183.91,32390.14,55386.67
5751.38,2487.6,33663.42,68544.35
3533.67,1097.11,8972.29,39543.95
5149.0,1756.25,28689.18,65377.4
6127.08,4803.2,38809.72,55189.58
2495.89,1117.47,25445.89,41055.45
5815.04,3981.04,1593.05,26449.3
4006.06,2453.04,1442.88,22469.8
5855.9,2875.07,18494.44,53940.31
3855.11,1553.01,46383.51,72360.3
2292.68,826.95,12205.16,28826.89
2558.69,1554.42,32083.82,45608.73
5072.13,3486.16,11881.72,29605.33
5389.58,3352.06,16761.83,38366.65
3643.53,2059.14,42554.06,58408.2
5957.89,1912.34,36714.21,84614.06
2507.72,1966.67,5674.56,12120.82
4900.88,3427.47,22006.4,42098.42
3183.48,1421.14,2429.32,21219.26
4022.25,3177.51,24563.62,34217.85
5071.1,3047.43,33459.27,60739.02
3709.38,2193.03,6806.63,27358.35
4423.17,2981.38,15155.36,31658.29
6509.44,4594.91,20493.99,43092.65
4134.66,2597.56,46057.02,63050.9
6253.54,2276.59,49669.5,105650.1
3305.44,1550.69,3200.65,21045.53
5794.71,4427.4,38289.39,57543.82
7162.35,2953.09,19214.48,73440.51
1292.53,628.28,20230.45,28302.17
3804.66,1963.35,37958.98,55924.19
5865.61,3048.37,46002.9,79479.73
4695.43,2847.64,47595.5,68950.81
5556.72,4287.22,29279.01,42448.6
4094.02,1720.91,18498.94,48757.97
5129.88,1850.61,39589.91,86357.37
4766.48,1900.57,13299.07,48545.59
6751.67,5019.62,28639.63,51209.75
5381.63,3352.25,18570.34,38719.21
5506.4,2439.08,33174.92,68770.6
4382.18,3102.47,12779.55,25779.55
4268.59,3119.0,10388.05,24805.61
4351.16,3147.01,45993.72,62977.95
5591.68,4246.67,5988.38,23172.87
4368.52,1861.52,25791.94,50783.41
5434.66,3682.1,11821.79,31629.97
8113.1,4302.13,2907.57,49565.96
6306.69,4547.12,2764.92,23062.26
4510.96,2996.39,9585.87,30186.38
6801.82,4681.17,43471.75,72122.57
4387.89,2755.95,14841.46,35300.73
1942.81,755.2,47572.5,61102.51
3487.87,1996.85,29499.49,45640.68
2193.81,1738.23,22394.1,26999.17
4472.73,3438.16,29424.35,41118.61
5027.63,1616.82,26318.22,65826.39
7514.66,2873.66,38180.04,97788.76
5490.39,2008.74,14842.31,59265.29
4671.35,3097.06,18299.47,33942.45
6244.11,4426.4,44810.62,65709.23
1683.3,684.69,47376.37,57834.31
5353.42,2960.05,44735.35,69513.24
6156.3,4434.7,21552.95,44916.86
2782.12,1854.01,39237.91,48334.53
6715.63,3835.42,24340.45,57785.66
5507.74,3278.07,25379.45,48584.56
4377.07,2425.68,11029.33,37998.97
5949.17,2669.84,29965.38,70215.3
8406.04,4896.61,10120.66,47708.84
5272.8,3398.02,17246.67,39765.9
5372.33,3957.59,42896.48,61445.35
4310.96,2664.8,11146.71,34520.46
3725.23,2535.25,4486.76,17169.79
6245.5,2373.52,4381.37,58022.63
3715.87,1972.31,47098.44,71655.99
5107.35,1556.03,25839.1,75553.31
4283.51,1813.38,21061.19,52308.35
5718.47,3792.67,40733.05,65042.74
5500.49,4377.87,41955.47,54905.39
6556.31,2292.01,17277.36,73615.15
4234.98,2120.65,34987.28,60676.76
4595.19,3216.79,38785.02,56499.72
3531.85,1419.87,33077.88,57696.46
4333.56,2502.82,8428.16,32431.39
5565.95,3709.9,43918.27,69081.55
6135.48,3730.33,27415.63,52195.68
3616.75,1425.05,14841.15,44644.12
6304.41,3011.57,21836.18,61987.19
7033.46,4866.42,2840.98,32430.56
5620.15,3243.46,7265.47,35002.01
7815.19,2364.99,38511.79,100749.78
3839.32,2612.64,1000.57,18164.62
3133.02,995.22,21411.73,44511.93
2331.92,1569.07,26603.0,37017.57
7244.07,2906.61,3677.09,55393.86
5981.55,4659.85,48680.83,64630.68
4916.62,2379.5,12080.14,40193.11
5419.95,2511.96,15905.74,51821.17
3311.77,1240.07,15893.18,39015.4
8668.63,3925.17,12290.42,58721.69
5193.83,3834.74,1072.22,15893.94
5164.09,4121.81,36737.89,46775.73
6088.65,2947.85,48375.43,93276.64
5721.51,2999.82,11990.38,50735.29
5335.83,3527.17,33489.31,54282.97
3814.29,2834.39,37352.92,50185.85
5707.2,3404.47,42572.84,68501.28
7823.04,3878.37,21708.83,72284.37
7018.13,3553.36,15843.61,62500.49
7389.78,4787.17,16939.46,53751.95
4233.18,1276.76,35918.45,69979.32
3515.59,2143.79,41022.19,59349.25
4811.32,2298.59,9899.08,37228.67
5083.59,3543.76,19176.11,41278.14
6641.29,2301.17,45195.07,87396.99
2461.3,1462.26,40527.98,53012.93
7294.33,3942.48,49258.06,92046.42
4762.99,2958.59,37958.16,61239.61
4359.68,1449.27,20266.56,49888.26
3481.84,2054.26,29941.25,50077.25
2517.71,1462.14,33389.7,44441.19
6234.76,3618.22,4844.33,37784.52
5109.98,3074.9,27680.35,49392.3
3065.06,1956.22,35756.72,48036.66
3057.38,2147.79,9198.74,20316.64
4496.32,1955.5,39250.95,68730.95
7503.53,5346.45,29604.87,51971.81
4610.61,2531.82,47658.87,69320.96
2745.29,929.36,3078.69,24156.32
4631.39,1525.0,14000.98,55113.84
4590.91,2144.5,30476.14,64506.27
1000.0,692.45,15531.44,18608.12
4918.56,3215.95,36006.78,55564.44
4653.6,3231.03,38191.26,52532.44
6044.31,3376.56,6023.28,31846.15
7773.43,4042.96,26178.87,73840.35
6689.85,2500.17,25935.64,78272.05
4596.67,2133.3,19094.76,44670.68
3340.21,1726.92,46713.32,64011.5
8860.04,3050.51,41547.81,97980.37
5088.83,2087.98,35163.26,75998.08
5020.89,3008.08,36002.01,64741.98
4963.81,3314.99,23624.09,40524.85
5297.13,4233.32,46128.73,57523.2
4783.46,3666.79,35035.18,50409.85
4139.51,2571.8,36720.07,58741.64
4179.71,2134.26,43222.85,66979.15
4950.87,3060.08,14429.51,33040.56
4184.86,2899.38,40546.47,53130.16
3930.73,1411.79,10566.79,41688.17
5159.65,2605.38,17921.76,47259.83
4617.53,3324.17,17444.91,30039.11
7255.99,3569.34,48947.75,94660.76
1023.55,599.73,42970.32,47061.92
6637.26,3941.77,35357.32,71421.36
6869.13,2694.33,36625.78,82844.41
1889.91,909.27,28541.57,38145.24
4485.97,2096.09,47407.44,77099.46
4442.84,1391.05,25316.68,60439.42
2888.73,901.56,19645.37,48010.73
3833.27,2744.04,8988.73,22290.58
3334.14,1455.47,39524.08,60041.29
7628.41,4264.58,36987.75,80735.35
6403.52,2877.5,19833.4,58278.11
6907.33,5320.99,2234.48,24348.65
6082.51,2613.34,42110.87,81654.76
3306.42,1702.24,1559.48,21193.66
4213.22,3102.47,35481.29,46414.14
5734.06,4134.07,48542.6,67175.14
3166.81,1244.72,22445.41,48576.91
6069.5,4256.67,12513.7,36927.25
4639.51,2454.74,35538.68,58864.95
4437.77,2402.98,41039.28,62781.33
6066.44,2224.81,27775.09,79725.75
5666.39,1928.28,48384.73,100964.75
4458.55,2960.34,3531.77,18600.35
6738.99,3694.52,25734.98,61538.83
3378.41,1751.45,36204.24,54458.31
5923.9,3937.94,43269.38,70634.59
5889.65,4021.2,9783.52,28469.78
4535.68,1721.08,40200.17,70072.64
5489.2,3321.58,28082.65,56720.86
3123.33,1148.38,20431.13,39876.93
6386.04,4314.97,7454.04,32232.7
4722.65,2968.08,43399.49,63966.75
4215.92,3281.28,8706.39,19179.12
6573.51,2198.7,16179.61,66463.46
3943.48,1295.54,15212.23,47368.08
2887.31,1273.57,43699.29,60441.08
2665.06,1148.25,33962.45,52688.34
5909.01,2502.41,40037.39,85911.05
3079.36,2319.15,13272.93,23344.76
7632.19,3241.95,31618.83,77008.31
1877.11,818.37,29015.55,39937.88
7544.68,5128.12,41808.69,68118.45
5316.53,2790.48,45398.27,74026.3
4854.93,3341.92,1595.68,19087.0
4182.62,1391.49,34026.98,69928.07
5598.7,3044.49,3539.95,28755.28
4943.55,1566.15,27894.07,60879.2
6654.95,2204.96,15094.0,66185.1
5171.34,3895.15,16032.05,32554.1
5225.45,1931.45,18294.97,52975.88
4454.58,2522.23,31443.33,55944.04
4914.58,2484.56,17368.45,43727.36
5461.7,2587.05,36902.25,76725.38
2434.75,1825.86,20821.84,29284.99
2977.72,925.81,4349.31,26975.71
6114.9,3863.97,39404.23,63498.06
5256.3,4108.83,15002.16,28283.21
4724.02,2740.33,22205.58,43539.31
5027.65,3863.3,34586.75,49522.35
5521.37,1800.68,17290.35,67761.97
4190.36,2134.56,3772.7,30150.4
3832.54,1648.3,19322.13,48933.71
5293.77,3522.53,47277.98,67657.08
3532.44,2792.92,32444.99,40099.27
5612.38,2403.59,33902.48,76072.97
2446.12,1533.93,31981.83,42317.2
6543.73,2611.27,10750.61,61173.07
5708.9,3326.37,21498.36,47465.68
5384.04,2864.13,37796.05,62969.75
6474.04,5088.61,5967.27,25868.08
7498.21,4530.9,14614.79,45325.81
6521.56,3096.13,14539.64,63675.39
2238.69,799.32,22168.93,42738.88
3080.63,1157.16,49038.07,74832.51
4062.77,1676.54,4307.62,34768.46
5039.14,2144.07,26416.35,62238.4
5776.49,4189.73,9788.87,31618.31
3911.38,2270.99,48563.15,66589.9
5280.15,2965.84,6551.87,33964.62
3866.93,1381.98,20776.45,52019.86
4082.72,2980.67,37156.36,49911.18
2890.01,1911.47,35523.17,46925.01
3615.15,1206.86,21713.7,48651.3
2972.47,1943.75,17979.68,30641.5
3536.19,2021.88,20483.01,41202.89
6580.46,2243.03,13949.54,59784.6
3575.9,1892.19,11061.31,34776.87
8948.57,4853.24,24668.95,77529.93
5739.98,2197.76,14158.15,62161.2
5277.25,4078.52,15085.62,29793.74
3712.46,2691.49,33181.05,46802.54
6050.46,3839.09,48458.33,69859.51
4136.54,2197.12,30578.22,56815.24
5183.01,2622.0,4771.99,29851.18
8840.13,5529.38,4703.6,50628.87
4855.91,2781.06,47619.74,77417.58
6723.91,2226.53,15567.25,65090.23
3945.24,2194.54,5511.28,24085.31
4947.52,3479.1,30353.18,49844.54
7656.2,4054.88,31558.79,70505.41
4059.55,1323.32,32776.74,70412.68
7718.67,5350.11,14102.7,38010.09
6061.63,2428.78,1740.42,38812.08
4156.3,1784.34,48285.75,82204.57
5948.61,2274.47,13293.76,60449.25
6458.83,3004.05,34125.29,81335.07
5932.71,4024.61,35624.86,56913.17
2644.66,1480.2,30890.36,45850.37
3909.29,1573.26,16332.46,45421.62
4628.72,3420.23,14283.72,29383.94
4888.35,3616.36,30285.75,46664.13
5931.01,4361.01,43438.69,62846.62
5266.55,2208.78,47389.95,83042.02
2996.98,1575.27,6189.38,21720.75
5570.3,4414.43,8586.6,23947.12
5915.88,4058.33,47292.08,67142.05
5839.69,1831.23,37090.23,88892.7
6621.17,2202.22,44266.7,91637.88
6250.88,3325.26,10929.0,47796.55
5688.77,4292.8,29791.71,48198.89
4894.75,2786.83,35355.84,57804.83
2508.56,1376.96,34325.48,45514.39
5644.43,1991.0,20999.43,58369.18
5311.53,3337.71,1754.35,26444.41
5407.37,3844.92,29563.38,50933.55
3084.88,1512.24,13401.98,28838.98
3378.42,2323.69,23062.46,36904.54
6579.73,5146.92,47921.47,64023.89
4940.67,1985.57,20552.73,55709.32
6022.25,3382.49,42150.28,79261.48
5042.48,2236.69,10238.49,41645.01
5044.63,3513.22,33950.56,52072.73
6407.43,3772.67,48873.34,74340.03
4225.93,2608.63,5992.76,22152.31
5144.18,3595.56,1407.68,18196.63
4306.59,2144.62,22245.56,43289.51
4348.26,3294.0,5538.65,18854.54
4536.24,2569.85,37670.83,60572.87
5333.2,2021.16,45812.88,86322.74
4281.88,2774.44,22267.03,38002.11
6883.63,4795.35,13676.87,36690.74
3658.09,1676.8,22285.76,47619.26
4719.69,3438.72,36448.94,54681.62
4340.4,3268.63,1443.65,11992.0
7170.47,3143.91,29883.25,85747.11
5294.83,4192.24,31051.29,44689.29
6547.77,2425.0,32246.72,82984.81
2771.66,1111.46,12859.08,32783.73
5400.58,2117.63,35988.58,68598.35
6334.45,4731.8,5478.18,21554.99
5123.43,3213.14,10764.25,34613.01
6598.22,2481.27,43996.03,90256.51
4224.07,2197.2,37197.43,65579.45
7114.02,4322.83,1673.53,33916.38
8448.35,2887.07,13170.44,70383.46
4455.74,3302.63,11505.92,26531.69
4331.75,3040.03,14269.51,28488.88
7180.08,3967.73,13130.43,52071.27
7369.36,5774.36,4063.79,24718.39
4215.71,2145.29,23488.09,52310.92
4369.72,3461.06,36903.94,49082.28
4577.32,2901.84,30729.85,52254.01
2983.32,1841.71,33970.71,48654.4
3622.02,1387.15,4976.31,36578.34
3493.79,2588.77,47623.04,57596.3
3848.3,1977.05,42086.1,60060.16
4947.97,1885.76,40449.43,73844.08
5351.32,1639.13,41326.21,80845.75
7325.75,4248.04,46702.81,86026.12
3502.47,1974.34,27668.44,46986.76
6476.48,4272.39,10813.82,38251.78
4679.02,3486.47,31222.4,42763.82
4925.8,1673.31,37401.19,80002.78
6012.23,4002.63,37157.95,59570.89
3315.92,1305.5,26551.0,52268.84
5573.61,4063.66,4354.48,22884.02
5249.68,3724.81,19184.53,36331.8
5738.68,3273.32,46117.56,71377.49
5433.75,3559.77,29638.0,48477.56
8682.95,3969.63,27378.27,91438.38
4043.39,2165.57,14173.82,40478.84
4203.5,2987.93,19054.0,34514.89
4065.29,2153.11,44871.96,64178.25
4166.78,1995.47,33656.69,58691.37
4043.92,2212.45,39581.96,63572.17
6783.52,4844.28,23262.93,49138.51
7130.76,3334.37,31882.11,70481.68
4143.88,1603.19,13170.8,37561.82
3751.47,2460.99,35567.58,52367.36
5707.12,4069.12,21952.47,40481.04
4171.67,1461.41,22684.73,52013.76
5949.4,2498.37,32816.79,66160.28
5304.38,1967.85,46877.75,87561.55
2726.38,1292.23,4136.31,23763.51
7321.26,3844.95,41412.42,90764.35
7693.82,5188.81,15326.77,46177.36
4080.82,2552.85,22752.05,41193.69
4418.45,2697.3,2073.75,19299.42
5428.8,2585.13,15751.26,50542.42
5501.69,3965.2,25628.93,43181.64
5987.82,3207.34,3752.63,38548.26
8015.31,6328.51,25063.69,44404.37
4734.58,2921.57,46428.42,65924.48
3802.55,1380.83,6164.27,30516.72
2931.02,1870.25,38457.6,50244.45
3903.6,1805.62,21073.88,42187.78
4950.31,3183.86,33103.51,51561.34
7691.84,2575.39,13751.59,87117.49
4223.58,1636.39,8815.12,39167.31
5335.68,3883.68,8862.67,26508.88
4975.37,2057.76,4454.11,44697.71
6782.59,4873.43,10096.69,37547.98
8790.4,3864.59,33546.75,94612.1
4203.7,2612.35,44202.84,65685.83
4265.84,2760.32,40892.16,57707.8
6566.24,3652.98,34571.58,66814.31
6022.84,2726.27,6411.16,44430.4
7770.06,3157.15,15170.18,74344.79
5875.89,1860.28,16180.54,67879.67
4461.06,2016.28,13247.89,40417.11
5885.98,3688.05,26235.28,48740.83
6663.06,5124.91,27242.14,46677.44
6230.72,4583.33,18487.41,35317.08
5760.91,3934.89,18335.67,40935.91
6600.01,4581.88,41599.22,67690.44
6753.94,4271.82,39675.35,71850.98
7073.24,3042.51,16082.0,69354.83
5973.06,4501.29,45775.63,66071.05
4749.32,3017.56,47687.94,68468.76
5220.07,3028.79,17010.38,45727.53
6809.76,2420.84,18366.82,73544.56
3774.6,1976.11,25776.07,44652.8
5553.01,2944.09,47114.92,72482.26
4409.99,3229.36,43939.65,56886.26
5043.12,2891.34,6025.83,31258.77
6917.68,3391.05,20243.81,64545.72
5286.65,4167.99,28115.19,43418.16
5069.65,1801.55,25653.49,60105.74
2960.22,1513.48,10499.29,25259.79
6119.38,1964.4,43082.02,102185.43
5968.23,3998.43,34170.1,54101.75
8244.88,6258.18,42057.51,65692.81
4538.33,1996.95,43079.45,74619.79
5328.73,3885.55,37669.44,55274.14
5374.08,2397.42,22521.32,52326.39
7366.18,5564.3,30916.79,48708.04
4857.06,3288.13,8857.9,24713.93
5418.53,3806.27,34008.63,54018.17
5911.84,1826.78,9783.41,59673.72
5279.91,4125.75,35003.53,47378.4
4330.35,2872.47,12250.31,30708.93
5291.13,2393.58,6760.01,45982.26
6610.45,4724.47,9098.94,27580.73
3460.23,1525.13,1097.61,24301.39
5199.45,3828.76,36218.24,53912.13
3949.82,1407.28,36887.65,64375.27
6792.57,4427.69,26231.73,52428.23
2715.22,1548.62,8906.78,23542.27
4161.62,1449.35,5094.16,42821.97
5565.82,2342.91,1937.32,45406.68
7348.29,2250.06,9121.66,72334.69
4901.37,2619.22,44651.92,74559.76
4167.2,1877.88,12835.31,38821.76
7821.74,4686.62,18359.3,58102.04
2827.98,1268.68,6161.93,24620.34
1701.79,765.74,11895.7,21735.22
5660.02,3801.25,26442.0,50547.18
4246.92,1376.3,30779.88,66005.27
3468.15,2606.13,13022.26,22781.49
6062.53,4402.2,3828.88,27031.1
5365.7,3401.33,20160.61,39215.96
4153.88,2478.25,12475.97,31101.8
3079.54,2297.81,11758.14,19476.27
6308.69,2477.2,48033.28,98912.84
5975.3,2028.52,31198.72,82388.9
4851.24,2036.33,28287.04,59787.21
7769.96,5417.91,21372.98,51580.79
3394.87,1077.31,22018.27,48671.37
2711.71,1603.72,27504.35,42163.16
3962.14,3160.67,35125.06,44566.4
4931.62,3589.47,35405.16,50945.84
5365.01,3008.28,9413.0,42611.5
4638.15,1539.03,25505.52,58989.04
5528.08,3956.38,21185.95,37183.01
3122.69,1872.02,43655.82,59171.41
7165.65,2561.48,31939.53,97561.56
4876.77,1691.89,27092.7,63443.75
6675.94,5039.09,6654.34,22855.53
5514.09,3499.24,30676.26,53300.3
5685.13,4062.84,6742.99,26256.65
5854.65,4329.45,17523.12,33350.46
5671.56,3322.89,7999.26,37965.71
5964.08,3332.27,34911.61,72781.27
6993.73,3603.26,11106.35,51006.52
5294.78,2427.52,20201.11,52608.95
6063.51,3136.64,44888.06,78615.46
4865.4,3342.23,11011.5,26475.71
7160.18,4302.99,25882.45,65425.06
3985.41,2974.16,21544.31,33265.9
7701.41,4017.75,1888.08,44098.85
4939.76,2981.37,39845.15,64847.02
2853.84,1756.98,4383.25,17240.4
5192.16,3093.74,24238.5,50912.57
3978.42,2591.21,28473.24,42199.59
6260.97,2621.57,31792.9,80946.09
4021.06,2236.44,34742.95,59931.84
4330.72,1524.9,13410.35,49083.79
2165.69,1066.07,1488.96,17083.63
4321.54,2350.2,36448.74,56806.54
1364.18,854.13,27247.17,33312.49
2624.15,2034.41,41969.77,49334.79
6140.62,3686.37,41248.03,71661.92
6178.7,4150.83,42322.98,65698.25
5638.19,3118.67,24769.64,53045.71
3549.54,2190.25,17347.79,31224.43
4928.43,1653.32,39786.35,77385.81
4994.6,2133.67,23113.41,52812.03
3262.45,1569.0,9988.67,32215.16
7255.1,3890.52,42893.73,78566.26
6316.04,2038.97,44245.43,86507.65
4668.55,1727.42,23849.18,59882.04
5040.33,2209.72,4709.29,39970.52
5312.57,4174.44,20003.48,35692.84
1937.4,902.19,40373.35,53178.3
4629.23,2504.51,45186.93,69107.72
3977.02,1583.05,10970.16,43179.78
3497.57,2117.39,4281.71,21110.66
4578.35,2016.04,43990.17,69563.44
7696.53,3105.52,20080.84,76624.08
5961.26,3328.09,27546.29,64301.39
4143.23,1254.38,48435.22,81663.72
5858.87,1780.11,4261.67,49219.26
